.,.,.,.,0,0,0,.,.,.,.,.,.,.,.,.,0,0,0,0,FF,11,FF,FF
.,.,.,0,2,2,2,0,.,.,.,.,.,.,.,.,0,E0,0,0,EE,0,FF,FF
.,.,0,2,2,2,2,2,0,.,.,.,.,.,.,.,10,F0,0,0,CC,0,77,FF
.,.,0,2,2,2,2,2,2,0,.,.,.,.,.,.,10,F0,80,0,CC,0,33,FF
.,.,0,2,2,2,0,0,0,0,.,.,.,.,.,.,10,C0,0,0,CC,0,33,FF
.,.,0,2,0,0,3,3,3,0,.,.,.,.,.,.,10,33,88,0,CC,0,33,FF
.,.,0,0,0,3,3,2,3,0,.,.,.,.,.,.,0,76,88,0,CC,0,33,FF
.,0,2,2,0,3,3,3,3,3,.,.,.,.,.,.,30,77,CC,0,88,0,33,FF
0,2,2,2,0,3,3,3,3,0,.,.,.,.,.,.,70,77,88,0,0,0,33,FF
0,2,0,0,1,3,3,0,0,.,.,.,.,.,.,.,40,6E,0,0,0,0,77,FF
.,0,0,0,0,1,1,0,.,.,.,.,.,.,.,.,0,6,0,0,88,0,FF,FF
.,.,.,0,2,0,0,0,.,.,.,.,.,.,.,.,0,80,0,0,EE,0,FF,FF
.,.,.,0,2,2,2,0,0,.,.,.,.,.,.,.,0,E0,0,0,EE,0,77,FF
.,.,0,2,2,2,2,2,0,.,.,.,.,.,.,.,10,F0,0,0,CC,0,77,FF
.,.,0,2,2,0,2,2,2,0,0,0,.,.,.,.,10,B0,80,0,CC,0,0,FF
.,.,0,2,2,0,2,2,2,2,3,1,.,.,.,.,10,B0,E3,0,CC,0,0,FF
.,.,0,2,2,0,2,2,2,2,3,1,.,.,.,.,10,B0,E3,0,CC,0,0,FF
.,.,0,2,2,2,0,0,0,0,0,0,.,.,.,.,10,C0,0,0,CC,0,0,FF
.,.,0,2,2,2,2,2,0,0,.,.,.,.,.,.,10,F0,0,0,CC,0,33,FF
.,.,.,0,1,1,1,1,0,.,.,.,.,.,.,.,0,0F,0,0,EE,0,77,FF
.,.,.,0,1,1,1,1,0,0,.,.,.,.,.,.,0,0F,0,0,EE,0,33,FF
.,.,0,1,1,1,1,1,1,0,.,.,.,.,.,.,1,0F,8,0,CC,0,33,FF
.,.,0,1,1,0,1,1,1,0,.,.,.,.,.,.,1,0B,8,0,CC,0,33,FF
.,.,0,1,1,0,1,1,1,0,.,.,.,.,.,.,1,0B,8,0,CC,0,33,FF
.,.,0,1,1,0,1,1,1,0,.,.,.,.,.,.,1,0B,8,0,CC,0,33,FF
.,.,0,1,0,1,1,1,1,0,.,.,.,.,.,.,1,7,8,0,CC,0,33,FF
.,.,0,1,0,1,1,1,0,.,.,.,.,.,.,.,1,7,0,0,CC,0,77,FF
.,.,0,0,0,1,1,1,0,.,.,.,.,.,.,.,0,7,0,0,CC,0,77,FF
.,.,0,0,0,0,0,0,.,.,.,.,.,.,.,.,0,0,0,0,CC,0,FF,FF
.,.,3,3,0,3,3,3,0,.,.,.,.,.,.,.,33,77,0,0,CC,0,77,FF
.,.,3,3,0,3,3,3,3,0,.,.,.,.,.,.,33,77,88,0,CC,0,33,FF
.,.,0,3,3,0,3,3,3,0,.,.,.,.,.,.,11,BB,88,0,CC,0,33,FF
,,,,,,,,,,,,,,,,,,,,,,,
,,,,,,,,,,,,,,,,,,,,,,,
,,,,,,,,,,,,,,,,,,,,,,,
,,,,,,,,,,,,,,,,,,,,,,,
,,,,,,,,,,,,,,,,,,,,,,,
,,,,,,,,,,,,,,,,,,,,,,,
,,,,,,,,,,,,,,,,,,,,,,,
,,,,,,,,,,,,,,,,,,,,,,,
.,.,.,.,.,.,.,.,.,.,.,.,.,.,.,.,0,0,0,0,FF,FF,FF,FF
.,.,.,.,.,.,.,.,.,.,.,.,.,.,.,.,0,E0,0,0,FF,FF,FF,FF
.,.,.,.,.,.,.,.,.,.,.,.,.,.,.,.,0,F0,0,0,FF,FF,FF,FF
.,.,.,.,.,.,.,.,.,.,0,0,.,.,.,.,0,F0,0,0,FF,FF,FF,FF
.,.,.,.,3,0,.,.,.,0,.,.,0,.,.,.,0,C0,0,0,FF,FF,FF,FF
.,.,.,.,3,3,0,.,0,3,0,.,.,.,.,.,0,30,0,0,FF,77,77,FF
.,.,.,.,0,3,3,0,0,3,1,0,.,.,.,.,0,F0,80,0,FF,88,0,FF
.,.,.,.,0,3,3,3,0,3,1,0,.,.,.,.,0,C0,E3,0,FF,88,0,FF
.,.,.,.,.,0,3,3,0,3,0,.,.,.,.,.,0,3,E3,0,FF,88,0,FF
.,.,.,.,.,.,0,0,.,0,.,.,0,.,.,.,0,0F,0,0,FF,CC,0,FF
.,.,.,.,.,.,.,.,.,.,0,0,.,.,.,.,0,7,0,0,FF,FF,33,FF
.,.,.,.,.,.,.,.,.,.,.,.,.,.,.,.,0,81,0,0,FF,FF,FF,FF
.,.,.,.,.,.,.,.,.,.,.,.,.,.,.,.,0,60,0,0,FF,FF,FF,FF
.,.,.,.,.,.,.,.,.,.,.,.,.,.,.,.,0,B0,0,0,FF,FF,FF,FF
.,.,.,.,.,.,.,.,.,.,.,.,.,.,.,.,0,B0,0,0,FF,FF,FF,FF
.,.,.,.,.,.,.,.,.,.,.,.,.,.,.,.,0,B0,0,0,FF,FF,FF,FF
,,,,,,,,,,,,,,,,,,,,,,,
,,,,,,,,,,,,,,,,,,,,,,,
,,,,,,,,,,,,,,,,,,,,,,,
,,,,,,,,,,,,,,,,,,,,,,,
.,.,.,.,.,.,.,.,.,.,.,.,.,.,.,.,0,0,0,0,FF,FF,FF,FF
.,.,.,.,.,.,.,.,.,.,.,.,.,.,.,.,0,E0,0,0,FF,FF,FF,FF
.,.,.,.,.,.,.,.,.,.,.,.,.,.,.,.,0,F0,0,0,FF,FF,FF,FF
.,.,.,.,.,.,.,.,.,.,.,0,0,.,.,.,0,F0,0,0,FF,FF,FF,FF
.,.,.,.,.,3,0,.,.,.,0,.,.,0,.,.,0,C0,0,0,FF,FF,FF,FF
.,.,.,.,.,3,3,0,.,0,3,0,.,.,.,.,0,30,0,0,FF,FF,BB,FF
.,.,.,.,.,0,3,3,0,0,3,1,0,.,.,.,0,F0,C0,0,FF,CC,0,77
.,.,.,.,.,0,3,3,3,0,3,1,0,.,.,.,0,C0,F1,8,FF,CC,0,77
.,.,.,.,.,.,0,3,3,0,3,0,.,.,.,.,0,3,F1,8,FF,CC,0,77
.,.,.,.,.,.,.,0,0,.,0,.,.,0,.,.,0,0F,0,0,FF,EE,0,77
.,.,.,.,.,.,.,.,.,.,.,0,0,.,.,.,0,7,0,0,FF,FF,99,FF
.,.,.,.,.,.,.,.,.,.,.,.,.,.,.,.,0,81,0,0,FF,FF,FF,FF
.,.,.,.,.,.,.,.,.,.,.,.,.,.,.,.,0,60,0,0,FF,FF,FF,FF
.,.,.,.,.,.,.,.,.,.,.,.,.,.,.,.,0,B0,0,0,FF,FF,FF,FF
.,.,.,.,.,.,.,.,.,.,.,.,.,.,.,.,0,B0,0,0,FF,FF,FF,FF
.,.,.,.,.,.,.,.,.,.,.,.,.,.,.,.,0,B0,0,0,FF,FF,FF,FF
,,,,,,,,,,,,,,,,,,,,,,,
,,,,,,,,,,,,,,,,,,,,,,,
,,,,,,,,,,,,,,,,,,,,,,,
,,,,,,,,,,,,,,,,,,,,,,,
.,.,.,.,.,.,.,.,.,.,.,.,.,.,.,.,0,0,0,0,FF,FF,FF,FF
.,.,.,.,.,.,.,.,.,.,.,.,.,.,.,.,0,E0,0,0,FF,FF,FF,FF
.,.,.,.,.,.,.,.,.,.,.,.,.,.,.,.,0,F0,0,0,FF,FF,FF,FF
.,.,.,.,.,.,.,.,.,.,.,.,0,0,.,.,0,F0,0,0,FF,FF,FF,FF
.,.,.,.,.,.,3,0,.,.,.,0,.,.,0,.,0,C0,0,0,FF,FF,FF,FF
.,.,.,.,.,.,3,3,0,.,0,3,0,.,.,.,0,30,0,0,FF,FF,DD,FF
.,.,.,.,.,.,0,3,3,0,0,3,1,0,.,.,0,F0,E0,0,FF,CC,0,33
.,.,.,.,.,.,0,3,3,3,0,3,1,0,.,.,0,C0,F0,8C,FF,EE,0,33
.,.,.,.,.,.,.,0,3,3,0,3,0,.,.,.,0,3,F0,8C,FF,EE,0,33
.,.,.,.,.,.,.,.,0,0,.,0,.,.,0,.,0,0F,0,0,FF,FF,0,33
.,.,.,.,.,.,.,.,.,.,.,.,0,0,.,.,0,7,0,0,FF,FF,CC,FF
.,.,.,.,.,.,.,.,.,.,.,.,.,.,.,.,0,81,0,0,FF,FF,FF,FF
.,.,.,.,.,.,.,.,.,.,.,.,.,.,.,.,0,60,0,0,FF,FF,FF,FF
.,.,.,.,.,.,.,.,.,.,.,.,.,.,.,.,0,B0,0,0,FF,FF,FF,FF
.,.,.,.,.,.,.,.,.,.,.,.,.,.,.,.,0,B0,0,0,FF,FF,FF,FF
.,.,.,.,.,.,.,.,.,.,.,.,.,.,.,.,0,B0,0,0,FF,FF,FF,FF
,,,,,,,,,,,,,,,,,,,,,,,
,,,,,,,,,,,,,,,,,,,,,,,
,,,,,,,,,,,,,,,,,,,,,,,
,,,,,,,,,,,,,,,,,,,,,,,
.,.,.,.,.,.,.,.,.,.,.,.,.,.,.,.,0,0,0,0,FF,FF,FF,FF
.,.,.,.,.,.,.,.,.,.,.,.,.,.,.,.,0,E0,0,0,FF,FF,FF,FF
.,.,.,.,.,.,.,.,.,.,.,.,.,.,.,.,0,F0,0,0,FF,FF,FF,FF
.,.,.,.,.,.,.,.,.,.,.,.,.,0,0,.,0,F0,0,0,FF,FF,FF,FF
.,.,.,.,.,.,.,3,0,.,.,.,0,.,.,0,0,C0,0,0,FF,FF,FF,FF
.,.,.,.,.,.,.,3,3,0,.,0,3,0,.,.,0,30,0,0,FF,FF,EE,FF
.,.,.,.,.,.,.,0,3,3,0,0,3,1,0,.,0,F0,70,0,FF,FF,0,11
.,.,.,.,.,.,.,0,3,3,3,0,3,1,0,.,0,C0,70,C6,FF,FF,0,11
.,.,.,.,.,.,.,.,0,3,3,0,3,0,.,.,0,3,70,C6,FF,FF,0,11
.,.,.,.,.,.,.,.,.,0,0,.,0,.,.,0,0,0F,0,0,FF,FF,88,11
.,.,.,.,.,.,.,.,.,.,.,.,.,0,0,.,0,7,0,0,FF,FF,EE,77
.,.,.,.,.,.,.,.,.,.,.,.,.,.,.,.,0,81,0,0,FF,FF,FF,FF
.,.,.,.,.,.,.,.,.,.,.,.,.,.,.,.,0,60,0,0,FF,FF,FF,FF
.,.,.,.,.,.,.,.,.,.,.,.,.,.,.,.,0,B0,0,0,FF,FF,FF,FF
.,.,.,.,.,.,.,.,.,.,.,.,.,.,.,.,0,B0,0,0,FF,FF,FF,FF
.,.,.,.,.,.,.,.,.,.,.,.,.,.,.,.,0,B0,0,0,FF,FF,FF,FF
