.,.,.,.,.,.,.,.,.,.,.,.,.,.,.,.,00,00,00,00,FF,FF,FF,FF
.,.,.,.,.,.,.,.,.,.,.,.,.,.,.,.,00,00,00,00,FF,FF,FF,FF
.,.,.,.,.,.,.,.,.,.,.,.,.,.,.,.,00,00,00,00,FF,FF,FF,FF
.,.,.,.,.,.,.,.,.,.,.,.,.,.,.,.,00,00,00,00,FF,FF,FF,FF
.,.,.,.,.,.,.,.,.,.,.,.,.,.,.,.,00,00,00,00,FF,FF,FF,FF
.,.,.,.,.,.,.,.,.,.,.,.,.,.,.,.,00,00,00,00,FF,FF,FF,FF
.,.,.,.,.,.,.,.,.,.,.,.,.,.,.,.,00,00,00,00,FF,FF,FF,FF
.,.,.,.,.,.,.,.,.,.,.,.,.,.,.,.,00,00,00,00,FF,FF,FF,FF
.,.,.,.,.,.,.,.,.,.,.,.,.,.,.,.,00,00,00,00,FF,FF,FF,FF
.,.,.,.,.,.,.,.,.,.,.,.,.,.,.,.,00,00,00,00,FF,FF,FF,FF
.,.,.,.,.,.,.,.,.,.,.,.,.,.,.,.,00,00,00,00,FF,FF,FF,FF
.,.,.,.,.,.,.,.,.,.,.,.,.,.,.,.,00,00,00,00,FF,FF,FF,FF
.,.,.,.,.,.,.,.,.,.,.,.,.,.,.,.,00,00,00,00,FF,FF,FF,FF
.,.,.,.,.,.,.,.,.,.,.,.,.,.,.,.,00,00,00,00,FF,FF,FF,FF
.,.,.,.,.,.,.,.,.,.,.,.,.,.,.,.,00,00,00,00,FF,FF,FF,FF
.,.,.,.,.,.,.,.,.,.,.,.,.,.,.,.,00,00,00,00,FF,FF,FF,FF
.,.,.,.,.,.,.,.,.,.,.,.,.,.,.,.,00,00,00,00,FF,FF,FF,FF
.,.,.,.,.,.,.,.,.,.,.,.,.,.,.,.,00,00,00,00,FF,FF,FF,FF
.,.,.,.,.,.,.,.,.,.,.,.,.,.,.,.,00,00,00,00,FF,FF,FF,FF
.,.,.,.,.,.,.,.,.,.,.,.,.,.,.,.,00,00,00,00,FF,FF,FF,FF
.,.,.,.,.,.,.,.,.,.,.,.,.,.,.,.,00,00,00,00,FF,FF,FF,FF
.,.,.,.,.,.,.,.,.,.,.,.,.,.,.,.,00,00,00,00,FF,FF,FF,FF
.,.,.,.,.,.,.,.,.,.,.,.,.,.,.,.,00,00,00,00,FF,FF,FF,FF
.,.,.,.,.,.,.,.,.,.,.,.,.,.,.,.,00,00,00,00,FF,FF,FF,FF
.,.,.,.,.,.,.,.,.,.,.,.,.,0,0,.,00,00,00,00,FF,FF,FF,99
0,0,0,0,0,0,0,0,0,0,0,0,0,0,0,0,00,00,00,00,00,00,00,00
0,0,0,0,0,0,0,0,.,.,0,.,0,0,0,0,00,00,00,00,00,00,DD,00
0,.,.,.,.,.,.,0,.,.,0,.,0,0,0,0,00,00,00,00,33,EE,DD,00
0,.,.,.,.,.,.,0,.,.,0,.,0,0,.,0,00,00,00,00,77,EE,DD,22
0,.,.,.,.,.,0,.,.,0,.,.,0,0,0,0,00,00,00,00,77,DD,BB,00
.,.,.,.,.,.,.,.,.,.,.,.,.,0,0,.,00,00,00,00,FF,FF,FF,99
.,.,.,.,.,.,.,.,.,.,.,.,.,.,.,.,00,00,00,00,FF,FF,FF,FF